model,fold-1_execution_time,fold-2_execution_time,fold-3_execution_time,fold-4_execution_time,fold-5_execution_time,execution_time_mean,execution_time_std
TransE based model + cosine similarity;embedding_dim=150;scoring_fct_norm=1;entity_initializer=None;relation_initializer=None;relation_constrainer=None;regularizer=None;epochs=25;seed=42;triples=all (CPU: Apple M3 Ultra; RAM: 256GB; GPUs: []),70.7465431690216,66.93857002258301,74.21571087837219,74.37870216369629,74.51315593719482,72.15853643417358,2.964695933258157
TransH based model + cosine similarity;embedding_dim=150;scoring_fct_norm=2;entity_initializer=None;relation_initializer=None;relation_regularizer=None;epochs=25;seed=42;triples=all (CPU: Apple M3 Ultra; RAM: 256GB; GPUs: []),129.98489999771118,125.1993350982666,139.36606192588806,139.6883201599121,138.38275575637817,134.52427458763123,5.874667077869117
TransR based model + cosine similarity;embedding_dim=150;relation_dim=90;scoring_fct_norm=2;entity_initializer=None;entity_constrainer=None;relation_initializer=None;relation_constrainer=None;epochs=25;seed=42;triples=all (CPU: Apple M3 Ultra; RAM: 256GB; GPUs: []),167.73386311531067,157.45266199111938,162.68709087371826,166.58171010017395,146.7549171447754,160.24204864501954,7.641730392171506
TransD based model + cosine similarity;embedding_dim=150;relation_dim=None;entity_initializer=None;entity_constrainer=None;relation_initializer=None;relation_constrainer=None;epochs=25;seed=42;triples=all (CPU: Apple M3 Ultra; RAM: 256GB; GPUs: []),215.41470098495483,235.7442970275879,238.41521883010864,245.17255902290344,253.41654133796692,237.63266344070433,12.679093052729966
TuckER based model + cosine similarity;embedding_dim=200;relation_dim=None;dropout_0=0.3;dropout_1=0.4;dropout_2=0.5;apply_batch_normalization=True;relation_initializer=None;core_tensor_initializer=None;epochs=25;seed=42;triples=all (CPU: Apple M3 Ultra; RAM: 256GB; GPUs: []),960.0647401809692,975.7923429012299,986.3372349739075,988.0543847084045,985.4664890766144,979.1430383682251,10.453355529127123
RESCAL based model + cosine similarity;embedding_dim=50;entity_initializer=None;relation_initializer=None;regularizer=None;epochs=25;seed=42;triples=all (CPU: Apple M3 Ultra; RAM: 256GB; GPUs: []),73.09749603271484,76.8862419128418,70.68243885040283,74.69891405105591,80.58061099052429,75.18914036750793,3.372647789583566
DistMult based model + cosine similarity;embedding_dim=50;entity_initializer=None;entity_constrainer=None;relation_initializer=None;regularizer=None;epochs=25;seed=42;triples=all (CPU: Apple M3 Ultra; RAM: 256GB; GPUs: []),35.329400062561035,35.71261692047119,36.041918992996216,40.156578063964844,40.4533109664917,37.538765001296994,2.2717474169675045
ComplEx based model + cosine similarity;embedding_dim=100;entity_initializer=None;relation_initializer=None;regularizer=None;epochs=25;seed=42 (CPU: Apple M3 Ultra; RAM: 256GB; GPUs: []),57.381852865219116,63.0121648311615,65.87213897705078,66.81552982330322,66.94729089736938,64.0057954788208,3.602614551948289
RotatE based model + cosine similarity;embedding_dim=200;entity_initializer=None;relation_initializer=None;relation_constrainer=None;regularizer=None;epochs=25;seed=42;triples=all (CPU: Apple M3 Ultra; RAM: 256GB; GPUs: []),95.33584690093994,104.15277624130249,104.48452496528625,104.66396474838257,104.76189494132996,102.67980155944824,3.6778354346649778
