model,fold-1_MAP@10,fold-1_nDCG@10,fold-1_Precision@10,fold-1_Recall@10,fold-1_F1.0-score@10,fold-2_MAP@10,fold-2_nDCG@10,fold-2_Precision@10,fold-2_Recall@10,fold-2_F1.0-score@10,fold-3_MAP@10,fold-3_nDCG@10,fold-3_Precision@10,fold-3_Recall@10,fold-3_F1.0-score@10,fold-4_MAP@10,fold-4_nDCG@10,fold-4_Precision@10,fold-4_Recall@10,fold-4_F1.0-score@10,fold-5_MAP@10,fold-5_nDCG@10,fold-5_Precision@10,fold-5_Recall@10,fold-5_F1.0-score@10,MAP@10_mean,MAP@10_std,nDCG@10_mean,nDCG@10_std,Precision@10_mean,Precision@10_std,Recall@10_mean,Recall@10_std,F1.0-score@10_mean,F1.0-score@10_std
TransE based model + cosine similarity;embedding_dim=75;scoring_fct_norm=1;entity_initializer=None;relation_initializer=None;relation_constrainer=None;regularizer=None;epochs=25;seed=42;triples=all,0.003565121072190708,0.008498367293728111,0.011240721102863185,0.005125240881051401,0.00704039315079864,0.004442438575524472,0.00981297374802913,0.012725344644750773,0.005137518773675181,0.007319845142683727,0.00443084287640668,0.009922012382451027,0.01283138918345703,0.006089133038285667,0.008258972441500942,0.0028923507661577654,0.00776545338767642,0.010498409331919393,0.0046734512206508105,0.006467737260983307,0.003541175719728212,0.008567570119027553,0.010498409331919391,0.004898462641063127,0.006680066703579134,0.0037743858020015675,0.0005921815385202241,0.008913275386182449,0.0008289950141137961,0.011558854718981956,0.0010325057429173311,0.005184761310945236,0.00048312890555799555,0.007153402939909151,0.0006256105430743761
TransH based model + cosine similarity;embedding_dim=75;scoring_fct_norm=2;entity_initializer=None;relation_initializer=None;relation_regularizer=None;epochs=25;seed=42;triples=all,0.0038928179672953196,0.00903977152618712,0.012089077412513234,0.00579927822905953,0.007838386585390959,0.0032561143934420715,0.0077900326415086645,0.010392364793213135,0.004911963415827692,0.006670912302840363,0.0037136465481286975,0.0087900493067747,0.01134676564156944,0.004765067744787256,0.00671160204674001,0.003720690467774243,0.007935783248133765,0.010710498409331902,0.004067640615275329,0.0058960682758630555,0.0033654739929041802,0.008738930598990897,0.011558854718981954,0.005280640574524674,0.007249404588465148,0.0035897486739089025,0.00023914781991604672,0.00845891346431903,0.0004993041974819233,0.011219512195121933,0.0006051046709517307,0.004964918115894896,0.0005733565650679338,0.006873274759859907,0.000647292148305618
TransR based model + cosine similarity;embedding_dim=75;relation_dim=90;scoring_fct_norm=2;entity_initializer=None;entity_constrainer=None;relation_initializer=None;relation_constrainer=None;epochs=25;seed=42;triples=all,0.0009465316702856471,0.002552407061410498,0.0037115588547189837,0.0012368898991697358,0.0018554459734349067,0.0011797665336901815,0.00302779265408601,0.005196182396606574,0.0026225347600055205,0.0034857812813718103,0.0015556986315204766,0.0037782770184596744,0.004665959703075292,0.00250270120177678,0.003257931463441018,0.0017292413607365887,0.00372801284233604,0.004559915164369036,0.0022004463117564904,0.0029684355017977233,0.0012437509468262384,0.003488686337958708,0.005090137857900317,0.001893374299805093,0.002760082888086512,0.0013309978286118265,0.0002783470896381262,0.003315035182850186,0.00046463064709621825,0.004644750795334041,0.0005255360209274164,0.002091189294502724,0.0004965008314900263,0.0028655354216263937,0.0005622577588331075
TransD based model + cosine similarity;embedding_dim=75;relation_dim=None;entity_initializer=None;entity_constrainer=None;relation_initializer=None;relation_constrainer=None;epochs=25;seed=42;triples=all,0.004991651898181212,0.011447492617935574,0.014316012725344619,0.005873277691778869,0.008329358430910988,0.005971624068503329,0.014196361785041208,0.015694591728525945,0.00806478808256235,0.010654617867914792,0.0037146974083612475,0.009529627131463065,0.012831389183457026,0.006317787487366596,0.00846678595349647,0.00511950116050505,0.012369825732478688,0.016118769883350977,0.007042311982241671,0.00980208152168838,0.004721464761231463,0.011185068903118928,0.013997879109225848,0.006900524937607366,0.009244027787993991,0.004903787859356461,0.0007268705937007042,0.011745675234007493,0.0015303261050972083,0.014591728525980886,0.0011895909787809225,0.00683973803631137,0.0007418836620193357,0.009299374312400924,0.0008633188352539623
TuckER based model + cosine similarity;embedding_dim=100;relation_dim=None;dropout_0=0.3;dropout_1=0.4;dropout_2=0.5;apply_batch_normalization=True;relation_initializer=None;core_tensor_initializer=None;epochs=25;seed=42;triples=all,0.0015822413270716559,0.004288219886990066,0.006044538706256623,0.002254752777506058,0.0032843623972816506,0.0023552688425434983,0.005182256604274391,0.007529162248144212,0.002752187032917859,0.004030922817931269,0.001683384912819847,0.004273135245349272,0.0063626723223753935,0.0031018615629233946,0.004170544255731133,0.0016926307461832383,0.00408622418540246,0.005832449628844113,0.0020396692030618087,0.0030223801597472595,0.0015947078725445638,0.003859273091424606,0.005514316012725342,0.001972005638229635,0.0029051015371980935,0.0017816467402325606,0.0002902861378822751,0.004337821802688159,0.0004498944464976434,0.0062566277836691355,0.0006937614945406606,0.002424095242927751,0.0004353979027458808,0.003482662233577881,0.0005212542787018251
RESCAL based model + cosine similarity;embedding_dim=25;entity_initializer=None;relation_initializer=None;regularizer=None;epochs=25;seed=42;triples=all,0.0024593475896308795,0.006744898273408824,0.010286320254506877,0.004705917080769179,0.006457551211525636,0.004290146835215764,0.010191894950374062,0.013361611876988309,0.005173979309943672,0.007459454915878302,0.0036229896891791552,0.009301797166294673,0.012725344644750775,0.005660246907083624,0.007835330450364233,0.004648190930667071,0.011564017935007468,0.015058324496288413,0.006217787845143253,0.008801369866704198,0.004284220404315844,0.010142479807937034,0.012619300106044519,0.0054878232788430365,0.007649198319646571,0.003860979089801743,0.0007751426273265947,0.009589017626604412,0.0015963657575828614,0.012810180275715777,0.0015343878895173592,0.005449150884356553,0.0005029862313331729,0.007640580952823788,0.0007507061393709826
DistMult based model + cosine similarity;embedding_dim=25;entity_initializer=None;entity_constrainer=None;relation_initializer=None;regularizer=None;epochs=25;seed=42;triples=all,0.0030415144731157457,0.007078859241378505,0.010180275715800621,0.004435295656775381,0.0061786886760771525,0.003318310357016614,0.007618102846765869,0.008059384941675494,0.004237361709178656,0.0055544007079327195,0.0026871022160877235,0.006778671950906512,0.008695652173913031,0.004557162584567246,0.005980239135238839,0.002354455273331201,0.00618960006124991,0.007423117709437957,0.00463415087673446,0.005706076329882148,0.0025671580344167827,0.006613289943567521,0.007953340402969238,0.004915044639402475,0.006075513436105948,0.002793708070793614,0.0003441651693767715,0.006855704808773663,0.0004773768389570927,0.008462354188759267,0.0009494392061760054,0.004555803093331643,0.0002241078620711677,0.005898983657047361,0.00023321696293178396
ComplEx based model + cosine similarity;embedding_dim=50;entity_initializer=None;relation_initializer=None;regularizer=None;epochs=25;seed=42,0.004374021612886937,0.010036419062554576,0.01230116648992575,0.004941795737755897,0.007050975502544387,0.005010321908897882,0.012114410215892284,0.015376458112407176,0.006526347891375955,0.009163402621692043,0.004285153203498909,0.010301256475819658,0.013255567338282053,0.006861322092884926,0.009042224678231722,0.004591265633153226,0.01101656798278559,0.01399787910922585,0.006573060987093842,0.008945523407690004,0.004413224894843842,0.0102085778820281,0.012513255567338259,0.006511015750688958,0.00856526935821523,0.004534797450656159,0.0002577840850387979,0.010735446323816043,0.0007662011607709469,0.013488865323435817,0.0011170472180075195,0.006282708491959915,0.0006824411544344448,0.008553479113674677,0.000777461735688935
RotatE based model + cosine similarity;embedding_dim=100;entity_initializer=None;relation_initializer=None;relation_constrainer=None;regularizer=None;epochs=25;seed=42;triples=all,0.005068767639022146,0.01151643893060016,0.013891834570519592,0.006051852314723292,0.008430871551995706,0.004179062575896389,0.01035346407140828,0.013891834570519587,0.006139294275249927,0.008515352390589008,0.004263832079314582,0.008836942087004921,0.010604453870625648,0.004110652881602208,0.005924690808580826,0.004255163359087007,0.010013556830947032,0.011452810180275698,0.004916205952520161,0.006879383968416676,0.00395556298989491,0.009303854431213534,0.011664899257688207,0.0050544536359306705,0.0070528677564177435,0.004344477728643006,0.00037886501512161234,0.010004851270234785,0.0009232456179683331,0.012301166489925746,0.0013463898407723278,0.005254491812005251,0.0007591415235091545,0.007360633295199992,0.000986614157797719
