model,fold-1_MAP@10,fold-1_nDCG@10,fold-2_MAP@10,fold-2_nDCG@10,fold-3_MAP@10,fold-3_nDCG@10,fold-4_MAP@10,fold-4_nDCG@10,fold-5_MAP@10,fold-5_nDCG@10,MAP@10_mean,MAP@10_std,nDCG@10_mean,nDCG@10_std
TransE based model + cosine similarity;embedding_dim=150;scoring_fct_norm=1;entity_initializer=None;relation_initializer=None;relation_constrainer=None;regularizer=None;epochs=25;seed=42;triples=all,1.7420843733837055e-05,9.786804473652642e-06,1.5629868961684386e-05,0.0,1.487091328469592e-05,1.3603413552970538e-05,1.8175644340430486e-05,9.782509696420656e-06,2.8826930263886347e-05,9.840065127708315e-06,1.898484011690684e-05,5.062565483731609e-06,8.602558570150431e-06,4.546178835294807e-06
TransH based model + cosine similarity;embedding_dim=150;scoring_fct_norm=2;entity_initializer=None;relation_initializer=None;relation_regularizer=None;epochs=25;seed=42;triples=all,9.187780893913257e-06,1.790445383264204e-05,1.5817600061680207e-05,0.0,1.031918704201643e-05,0.0,1.352969002483271e-05,1.718867661361333e-06,1.6154913695897305e-05,0.0,1.3001834343667982e-05,2.8246301656312438e-06,3.924664298800675e-06,7.021524389918204e-06
TransR based model + cosine similarity;embedding_dim=150;relation_dim=90;scoring_fct_norm=2;entity_initializer=None;entity_constrainer=None;relation_initializer=None;relation_constrainer=None;epochs=25;seed=42;triples=all,1.3972414169742645e-05,0.0,2.5003946798985395e-05,2.978241466262011e-05,1.7383985909009762e-05,2.4220397018244566e-05,2.6777616081400737e-05,2.685707123165479e-05,2.7384682622289956e-05,8.432840855427375e-06,2.21045291162857e-05,5.413671718986971e-06,1.785854475358937e-05,1.1587897404732339e-05
TransD based model + cosine similarity;embedding_dim=150;relation_dim=None;entity_initializer=None;entity_constrainer=None;relation_initializer=None;relation_constrainer=None;epochs=25;seed=42;triples=all,6.324630641570533e-07,0.0,0.0,0.0,4.089927814882277e-06,0.0,1.5179113539769279e-06,0.0,8.854482898198746e-07,0.0,1.4251501045672268e-06,1.4184730175937628e-06,0.0,0.0
TuckER based model + cosine similarity;embedding_dim=200;relation_dim=None;dropout_0=0.3;dropout_1=0.4;dropout_2=0.5;apply_batch_normalization=True;relation_initializer=None;core_tensor_initializer=None;epochs=25;seed=42;triples=all,6.7533000517214235e-06,0.0,9.4477934869556e-06,0.0,3.478546852863793e-06,0.0,0.0002885662089106483,2.2480682772043152e-05,1.3290759533928932e-05,0.0,6.430732176722362e-05,0.0001121756757958291,4.49613655440863e-06,8.99227310881726e-06
RESCAL based model + cosine similarity;embedding_dim=50;entity_initializer=None;relation_initializer=None;regularizer=None;epochs=25;seed=42;triples=all,0.0007519139202376402,0.00024333629415369988,0.0007193470919816803,0.00016603251026424065,0.0006975652090612794,0.0003447503359226506,0.0006954239256025331,0.00027338902131873846,0.0007321770848838159,0.00022015883758875161,0.0007192854463533898,2.1316455299918007e-05,0.0002495333998496162,5.917604782238708e-05
DistMult based model + cosine similarity;embedding_dim=50;entity_initializer=None;entity_constrainer=None;relation_initializer=None;regularizer=None;epochs=25;seed=42;triples=all,0.00030098109315011617,9.73815448094278e-05,0.00044778208063004374,0.00014847315928565364,0.00016178631060803192,0.00010836145399841392,5.5564501505775213e-05,3.916582906025627e-05,0.0003818916077247423,0.00011542768287519636,0.00026960111872374184,0.00014337225551694192,0.00010176193400578958,3.5636231807823834e-05
ComplEx based model + cosine similarity;embedding_dim=100;entity_initializer=None;relation_initializer=None;regularizer=None;epochs=25;seed=42,3.0080144113234584e-05,1.551171809262949e-05,6.772084316272403e-05,4.605203414279624e-05,4.017345148948064e-05,2.887236826704688e-05,3.5495399952240676e-05,1.6896232312352998e-05,3.182761613494259e-05,6.1755625297020714e-06,4.1059490970524505e-05,1.3772040124329802e-05,2.2701583068905537e-05,1.3724633080426045e-05
RotatE based model + cosine similarity;embedding_dim=200;entity_initializer=None;relation_initializer=None;relation_constrainer=None;regularizer=None;epochs=25;seed=42;triples=all,9.96100603077514e-05,3.482839806346016e-05,0.00010808291811631217,5.17840610529302e-05,8.843992042610744e-05,3.80291526400037e-05,9.20166831040136e-05,6.284932155355647e-05,9.25514322979411e-05,4.31433940518663e-05,9.614020285042515e-05,6.983486196562464e-06,4.612686547236337e-05,1.0136802452909401e-05
