model,fold-1_MAP@10,fold-1_nDCG@10,fold-2_MAP@10,fold-2_nDCG@10,fold-3_MAP@10,fold-3_nDCG@10,fold-4_MAP@10,fold-4_nDCG@10,fold-5_MAP@10,fold-5_nDCG@10,MAP@10_mean,MAP@10_std,nDCG@10_mean,nDCG@10_std
TransE based model + cosine similarity;embedding_dim=150;scoring_fct_norm=1;entity_initializer=None;relation_initializer=None;relation_constrainer=None;regularizer=None;epochs=25;seed=42;triples=all,0.0017287805513424405,0.004401566509045055,0.0018003342648072228,0.004269045641920309,0.0018342914520480746,0.004115397512312154,0.0014923456873551478,0.003688161660233751,0.001905478812201849,0.00440809136757603,0.001752246153550947,0.00014186122228622183,0.004176452538217459,0.00026648152945076757
TransH based model + cosine similarity;embedding_dim=150;scoring_fct_norm=2;entity_initializer=None;relation_initializer=None;relation_regularizer=None;epochs=25;seed=42;triples=all,0.00020902396094567337,0.0005024804684756644,0.00013173608295415296,0.0003063934515433565,0.00021912448754336173,0.0005216858092678579,0.00016578848242755528,0.00041191158717303913,0.00016179832860296434,0.0004518164544803988,0.00017749426849474154,3.226265997896141e-05,0.00043885755418806335,7.661481813153361e-05
TransR based model + cosine similarity;embedding_dim=150;relation_dim=90;scoring_fct_norm=2;entity_initializer=None;entity_constrainer=None;relation_initializer=None;relation_constrainer=None;epochs=25;seed=42;triples=all,0.000522831147727671,0.0012862298527366164,0.000479852132170013,0.0012305148782087688,0.0005162212235887732,0.00124480462603399,0.0004319042738508207,0.0011736748065994827,0.0005020673464382074,0.001227825054523459,0.0004905752247550971,3.2825282568073186e-05,0.0012326098436204634,3.6123232887362016e-05
TransD based model + cosine similarity;embedding_dim=150;relation_dim=None;entity_initializer=None;entity_constrainer=None;relation_initializer=None;relation_constrainer=None;epochs=25;seed=42;triples=all,0.0015535126639569243,0.004133475161186845,0.0017073750581910467,0.004124584425548503,0.0016926119478941932,0.004260093046581646,0.001601546166357149,0.004050865476185869,0.0016466658928717425,0.004428219352010259,0.001640342345854211,5.7113956734735625e-05,0.004199447492302624,0.00013270108499775063
TuckER based model + cosine similarity;embedding_dim=200;relation_dim=None;dropout_0=0.3;dropout_1=0.4;dropout_2=0.5;apply_batch_normalization=True;relation_initializer=None;core_tensor_initializer=None;epochs=25;seed=42;triples=all,0.0013173636452373445,0.0035218964633575676,0.001337098466134062,0.003863790250118464,0.000944321440251352,0.002781512789280446,0.0005711577432052046,0.0018037774206921544,0.0008506796620414169,0.0026316702327610956,0.001004124191373876,0.00029105750667949903,0.0029205294312419456,0.000721288235880692
RESCAL based model + cosine similarity;embedding_dim=50;entity_initializer=None;relation_initializer=None;regularizer=None;epochs=25;seed=42;triples=all,0.005685211334656502,0.012778940800202875,0.005559459204947615,0.012772551596130364,0.005224793265356179,0.01192427650067515,0.0054970719892077505,0.012338902130120693,0.0054083644311293325,0.012015004488200464,0.005474980045059476,0.0001541771982719111,0.012365935103065908,0.0003618994549433536
DistMult based model + cosine similarity;embedding_dim=50;entity_initializer=None;entity_constrainer=None;relation_initializer=None;regularizer=None;epochs=25;seed=42;triples=all,0.0010954805057907392,0.0028596872631116606,0.0012449725229802494,0.0029389408507105937,0.0006853290985268279,0.0016977875633520686,0.0006351425534648493,0.001662803195274837,0.00063981580030835,0.0017301639028754977,0.0008601480962142031,0.0002581498321798443,0.0021778765550649315,0.0005899690379288792
ComplEx based model + cosine similarity;embedding_dim=100;entity_initializer=None;relation_initializer=None;regularizer=None;epochs=25;seed=42,0.0010757266007334993,0.0027763908653069646,0.0011309140562037912,0.002762488110352739,0.0009510644060174966,0.002443056939214861,0.000846486387049301,0.002005176785734189,0.0009505282245348471,0.002579074592658176,0.000990943934907787,0.00010086775984711884,0.0025132374586533854,0.00028240434971709235
RotatE based model + cosine similarity;embedding_dim=200;entity_initializer=None;relation_initializer=None;relation_constrainer=None;regularizer=None;epochs=25;seed=42;triples=all,0.002212497226018197,0.005303507028841947,0.002368646851676653,0.005562435493002701,0.0021219490892996884,0.005380867437659115,0.0022941727402268244,0.0056663918899305925,0.0022727195627453827,0.005779874090447184,0.0022539970939933493,8.278658696772157e-05,0.005538615187976308,0.00017621597528998326
